<?xml version="1.0" encoding="UTF-8"?>
<beans xmlns="http://www.springframework.org/schema/beans"
    xmlns:xsi="http://www.w3.org/2001/XMLSchema-instance"
    xmlns:ctx="http://www.springframework.org/schema/context"
    xmlns:aop="http://www.springframework.org/schema/aop"
    xmlns:c="http://www.springframework.org/schema/c"
    xsi:schemaLocation="http://www.springframework.org/schema/beans
        http://www.springframework.org/schema/beans/spring-beans.xsd
        http://www.springframework.org/schema/context
	    http://www.springframework.org/schema/context/spring-context.xsd
	    http://www.springframework.org/schema/aop		
        http://www.springframework.org/schema/aop/spring-aop.xsd">
	    
<bean id="beanInterface" class="com.yash.bean.BeanInterfaceImpl"></bean>
<bean id="bean" class="com.yash.bean.Bean">
	<property name="beanInterface" ref="beanInterface"></property>
</bean>
<bean id="bean1" class="com.yash.bean.Bean1" autowire="constructor"></bean>
<bean id="bean2" class="com.yash.bean.Bean2" autowire="constructor"></bean>
<bean id="bean3" class="com.yash.bean.Bean3" autowire="byType"></bean>
<bean id="bean4" class="com.yash.bean.Bean4"></bean>

<bean id="abstractBean" class="com.yash.bean.AbstractBean" abstract="true"></bean>
<bean id="subAbstractBean" class="com.yash.bean.SubAbstractBean" parent="abstractBean">
	<property name="a" value="10"></property>
</bean>

<bean id="parentCollection" class="com.yash.bean.ParentCollection">
	<property name="cityNames">
		<list>
			<value>New york</value>
			<value>Houston</value>
		</list>
	</property>
	<!-- <property name="cityName">
		<list>
			<value>New york_other</value>
			<value>Houston_other</value>
		</list>
	</property> -->
	
	<property name="stateNames">
		<set>
			<value>Texas</value>
			<value>Florida</value>
		</set>
	</property>
	
	<property name="countryNames">
		<map>
			<entry key="c001" value="USA"></entry>
		</map>
	</property>
</bean>

<bean id="childCollection" class="com.yash.bean.ChildCollection" parent="parentCollection">
	<property name="cityNames">
		<list merge="true">
			<value>Pune</value>
			<value>Kolkata</value>
		</list>
	</property>
	
	<property name="stateNames">
		<set>
			<value>Maharashtra</value>
			<value>Gujrat</value>
		</set>
	</property>
	
	<property name="countryNames">
		<map>
			<entry key="c002" value="India"></entry>
		</map>
	</property>
</bean>

<bean id="beanB" class="com.yash.bean.BeanB" depends-on="beanA"></bean>
<bean id="beanA" class="com.yash.bean.BeanA"></bean>

<bean id="outerBean" class="com.yash.bean.OuterBean">
	<property name="anonymousBean">
		<bean class="com.yash.bean.AnonymousBean"></bean>
	</property>
</bean>

<bean id="innerBean" class="com.yash.bean.OuterBean$InnerBean">
</bean>
</beans>



	